 ,Description,Video Link ,Thumbnail,Tags
Now You Can Buy An App That is Really Made For UNIVERSITY,"Chestnut, shaggy hair awkwardly hangs over a furrowed, menacing face. Glinting amber eyes, set thightly within their sockets, watch warmly over the armies they've have been seperated from for so long.
A moustache and goatee charmingly compliments his hair and cheekbones and leaves a bittersweet memory of his fortunate destiny.",/src/assets/articles/videos/math_competition_experience_max.mp4,/src/assets/articles/thumbnails/math_competition_experience_max.png,"linger, practice, discovery"
5 Simple Steps To An Effective UNIVERSITY Strategy,"This is the face of Cael Gedman, a true leader among humans. He stands towering above others, despite his tough frame.
",https://www.w3schools.com/html/mov_bbb.mp5,https://picsum.photos/1200/801,"coast, headline, blade, driver"
5 Simple Steps To An Effective UNIVERSITY Strategy,"There's something charming about him, perhaps it's his disposition or perhaps it's simply a feeling of remorse. But nonetheless, people tend to buy him a drink, while treating him to a good meal when he's around.
",https://www.w3schools.com/html/mov_bbb.mp6,https://picsum.photos/1200/802,"career, irony, shortage, bed
"
"Where Can You Find Free UNIVERSITY Resources
","Red, perfectly groomed hair gently hangs over a fresh, lived-in face. Darting amber eyes, set thightly within their sockets, watch enthusiastically over the town they've felt disconnected from for so long.
",https://www.w3schools.com/html/mov_bbb.mp7,https://picsum.photos/1200/803,"understanding, few"
"UNIVERSITY: This Is What Professionals Do
","There's something obscure about him, perhaps it's his reputation or perhaps it's simply a feeling of shame. But nonetheless, people tend to welcome him, while commending him for his deeds.",https://www.w3schools.com/html/mov_bbb.mp8,https://picsum.photos/1200/804,"say, similar"
"Essential UNIVERSITY Smartphone Apps
","There's something fascinating about her, perhaps it's her humility or perhaps it's simply her company. But nonetheless, people tend to invite her into their homes, while hoping she will one day be their leader.
",https://www.w3schools.com/html/mov_bbb.mp9,https://picsum.photos/1200/805,"conservative, obligation, percent"
"Essential UNIVERSITY Smartphone Apps
","There's something fascinating about her, perhaps it's her humility or perhaps it's simply her company. But nonetheless, people tend to invite her into their homes, while hoping she will one day be their leader.
",https://www.w3schools.com/html/mov_bbb.mp9,https://picsum.photos/1200/805,"conservative, obligation, percent"